{
  "features": [
    "Age",
    "Sex",
    "Chest pain type",
    "BP",
    "Cholesterol",
    "FBS over 120",
    "EKG results",
    "Max HR",
    "Exercise angina",
    "ST depression",
    "Slope of ST",
    "Number of vessels fluro",
    "Thallium"
  ],
  "n_features": 13,
  "model_type": "LogisticRegression_NumPy",
  "implementation": "Desde cero (sin sklearn)",
  "lambda": 0.0,
  "learning_rate": 0.01,
  "iterations": 10000,
  "train_accuracy": 0.8555555555555555,
  "scaler_mean": [
    54.43333333333333,
    0.6777777777777778,
    3.174074074074074,
    131.34444444444443,
    249.65925925925927,
    0.14814814814814814,
    1.0222222222222221,
    149.67777777777778,
    0.3296296296296296,
    1.05,
    1.5851851851851853,
    0.6703703703703704,
    4.696296296296296
  ],
  "scaler_std": [
    9.092182234083177,
    0.46732757432917976,
    0.94832897581213,
    17.828500556658305,
    51.59043307277511,
    0.3552467795046459,
    0.9960415480451097,
    23.12277750414454,
    0.4700786496958385,
    1.1430871131056233,
    0.613251023283532,
    0.9421468057402357,
    1.9370618226585068
  ],
  "coefficients": [
    -0.15029208600285418,
    0.711274000789689,
    0.6639641638540131,
    0.44192059962948804,
    0.36566331472107555,
    -0.277538721207977,
    0.3030498253178027,
    -0.479648069860191,
    0.38841799799449933,
    0.4032705371628885,
    0.2618904384184151,
    1.0859678149636312,
    0.6642956409331066
  ],
  "intercept": -0.25110071705974596
}